ts	spark1_avail_mb	spark1_swap_used_mb	spark2_avail_mb	spark2_swap_used_mb
14:46:41	15496	8480	17578	4220
14:46:46	15133	8474	17264	4220
14:46:51	15145	8472	17260	4220
14:46:57	15164	8470	17372	4220
14:47:02	15173	8468	17491	4220
14:47:07	15179	8467	17577	4220
14:47:13	15177	8466	17619	4220
14:47:18	15185	8464	17558	4220
14:47:24	15179	8463	17602	4220
14:47:29	15184	8462	17553	4220
14:47:34	15194	8461	17582	4220
14:47:40	15189	8459	17586	4220
14:47:45	15192	8459	17619	4219
14:47:51	15179	8458	17539	4219
14:47:56	15177	8457	17572	4219
14:48:01	15187	8456	17549	4219
14:48:07	15181	8456	17555	4219
14:48:12	15175	8455	17532	4219
14:48:18	15175	8454	17583	4219
14:48:23	15186	8453	17552	4218
14:48:28	15172	8452	17610	4218
14:48:34	15179	8451	17590	4218
14:48:39	15175	8450	17591	4218
14:48:45	15173	8448	17575	4218
14:48:50	15165	8447	17486	4218
14:48:55	15165	8446	17509	4218
14:49:01	15181	8446	17574	4218
14:49:06	15177	8445	17556	4218
14:49:12	15175	8445	17573	4218
14:49:17	15170	8444	17574	4218
14:49:23	15171	8444	17530	4218
14:49:28	15164	8444	17571	4218
14:49:33	15171	8443	17554	4218
14:49:39	15168	8443	17617	4218
14:49:44	15165	8442	17549	4218
14:49:50	15187	8442	17593	4218
14:49:55	15175	8441	17502	4218
14:50:00	15181	8441	17549	4218
14:50:06	15152	8440	17525	4218
14:50:11	15163	8440	17574	4218
14:50:16	15152	8440	17533	4218
14:50:22	15152	8439	17512	4218
14:50:27	15153	8439	17479	4218
14:50:33	15166	8438	17532	4218
14:50:38	15142	8438	17535	4218
14:50:44	15153	8437	17576	4218
14:50:49	15155	8437	17519	4218
14:50:54	15156	8437	17478	4217
14:51:00	15146	8436	17500	4217
14:51:05	15135	8418	17551	4217
14:51:11	15062	8418	17523	4217
14:51:16	15489	8417	17567	4217
14:51:21	15418	8417	17558	4217
14:51:27	15396	8416	17551	4217
14:51:32	15410	8416	17517	4217
14:51:38	15415	8416	17552	4217
14:51:43	15393	8415	17590	4217
14:51:48	15394	8415	17544	4217
14:51:54	15402	8414	17452	4217
14:51:59	15384	8414	17493	4217
14:52:05	15419	8414	17566	4217
14:52:10	15381	8413	17505	4217
14:52:15	15378	8413	17569	4217
14:52:21	15342	8412	17557	4217
14:52:26	15367	8412	17496	4217
14:52:32	15369	8411	17513	4216
14:52:37	15386	8411	17549	4216
14:52:43	15382	8411	17496	4216
14:52:48	15405	8409	17545	4216
14:52:54	15360	8408	17488	4216
14:52:59	15403	8408	17479	4216
14:53:04	15369	8408	17427	4216
14:53:10	15399	8408	17536	4216
14:53:15	15357	8408	17522	4216
14:53:21	15382	8407	17562	4216
14:53:26	15325	8407	17433	4216
14:53:31	15362	8407	17482	4216
14:53:37	15328	8406	17478	4216
14:53:42	15350	8406	17524	4216
14:53:48	15329	8406	17479	4216
14:53:53	15370	8405	17511	4216
14:53:58	15370	8405	17400	4216
14:54:04	15357	8405	17439	4216
14:54:09	15353	8405	17464	4216
14:54:15	15367	8405	17476	4216
14:54:20	15369	8404	17518	4216
14:54:25	15345	8404	17405	4216
14:54:31	15367	8404	17497	4216
14:54:36	15376	8403	17477	4216
14:54:42	15367	8400	17548	4216
14:54:47	15365	8399	17491	4215
14:54:53	15364	8398	17556	4215
14:54:58	15352	8398	17387	4215
14:55:03	15359	8398	17444	4215
14:55:09	15340	8398	17455	4215
14:55:14	15320	8397	17504	4215
14:55:20	15336	8397	17472	4215
14:55:25	15346	8397	17520	4215
14:55:30	15338	8397	17335	4215
14:55:36	15373	8397	17460	4215
14:55:41	15349	8397	17426	4215
14:55:47	15345	8395	17483	4215
14:55:52	15358	8394	17432	4214
14:55:57	15346	8394	17331	4214
14:56:03	15352	8394	17358	4214
14:56:08	15355	8394	17453	4214
14:56:14	15362	8394	17426	4214
14:56:19	15368	8394	17477	4214
14:56:24	15375	8394	17419	4214
14:56:30	15347	8393	17363	4214
14:56:35	15339	8393	17447	4214
14:56:41	15329	8393	17436	4214
14:56:46	15362	8393	17511	4214
14:56:51	15370	8393	17493	4214
14:56:57	15351	8392	17507	4214
14:57:03	15360	8392	17391	4214
14:57:08	15354	8392	17465	4214
14:57:13	15333	8392	17418	4214
14:57:19	15364	8392	17524	4214
14:57:24	15332	8392	17462	4214
14:57:30	15335	8391	17412	4214
14:57:35	15337	8391	17395	4214
14:57:40	15355	8390	17476	4214
14:57:46	15345	8390	17455	4214
14:57:51	15344	8390	17526	4214
14:57:57	15341	8389	17466	4214
14:58:02	15375	8389	17359	4214
14:58:07	15323	8389	17387	4214
14:58:13	15336	8389	17469	4214
14:58:18	15315	8389	17408	4214
14:58:24	15339	8389	17486	4214
14:58:29	15328	8388	17353	4213
14:58:34	15339	8388	17365	4213
14:58:40	15335	8387	17367	4213
14:58:45	15335	8387	17425	4213
14:58:51	15366	8387	17409	4213
14:58:56	15341	8386	17428	4213
14:59:02	15355	8386	17253	4213
14:59:07	15371	8386	17310	4213
14:59:12	15353	8386	17384	4213
14:59:18	15341	8384	17388	4213
14:59:23	15350	8384	17437	4213
14:59:29	15361	8383	17416	4213
14:59:34	15352	8383	17392	4213
14:59:39	15343	8383	17346	4213
14:59:45	15358	8383	17473	4213
14:59:50	15338	8383	17420	4213
14:59:56	15347	8383	17476	4213
15:00:01	15340	8383	17314	4213
15:00:06	15334	8383	17368	4213
15:00:12	15336	8383	17334	4213
15:00:17	15355	8383	17434	4213
15:00:23	15351	8382	17419	4213
15:00:28	15337	8382	17434	4213
15:00:33	15342	8382	17279	4212
15:00:39	15321	8382	17397	4212
15:00:44	15344	8382	17358	4212
15:00:50	15353	8382	17461	4212
15:00:55	15333	8382	17428	4212
15:01:00	15332	8382	17503	4212
15:01:06	15327	8381	17293	4212
15:01:11	15335	8381	17398	4212
15:01:17	15319	8381	17374	4212
15:01:22	15333	8381	17442	4212
15:01:27	15351	8381	17451	4212
15:01:33	15352	8381	17346	4212
15:01:38	15331	8381	17431	4212
15:01:44	15324	8381	17406	4212
15:01:49	15346	8381	17440	4211
15:01:54	15358	8381	17426	4211
15:02:00	15361	8380	17452	4211
15:02:05	15345	8380	17214	4211
15:02:11	15341	8380	17400	4211
15:02:16	15330	8380	17350	4211
15:02:22	15348	8380	17433	4211
15:02:27	15307	8380	17382	4211
15:02:32	15328	8380	17448	4211
15:02:38	15303	8379	17324	4211
15:02:43	15310	8379	17409	4211
15:02:49	15291	8377	17398	4211
15:02:54	15310	8377	17449	4211
15:02:59	15307	8377	17397	4211
15:03:05	15310	8376	17330	4211
15:03:10	15353	8376	17273	4211
15:03:16	15350	8376	17375	4211
15:03:21	15315	8376	17356	4211
15:03:26	15319	8373	17422	4211
15:03:32	15293	8331	17417	4211
15:03:37	15274	8330	17340	4211
15:03:43	15274	8330	17337	4211
15:03:48	15224	8330	17386	4211
15:03:53	15238	8330	17385	4211
15:03:59	15174	8330	17442	4211
15:04:04	15181	8330	17452	4211
15:04:10	15023	8330	17686	4211
15:04:15	14976	8330	18087	4211
15:04:21	14852	8330	18023	4211
15:04:26	14860	8330	18045	4211
15:04:32	15220	8327	18073	4210
15:04:37	15228	8327	18043	4210
15:04:42	15229	8327	18041	4210
15:04:48	15279	8326	18049	4210
15:04:53	15262	8326	18055	4210
15:04:59	15279	8326	18057	4210
15:05:04	15274	8326	18068	4210
15:05:10	15283	8325	18047	4209
15:05:15	15238	8325	18070	4209
15:05:21	15254	8325	18088	4209
15:05:26	15275	8325	18105	4209
15:05:31	15292	8325	18114	4209
15:05:37	15265	8325	18088	4209
15:05:42	15276	8325	18105	4209
15:05:48	15267	8325	18111	4209
15:05:53	15272	8325	18117	4209
15:05:58	15260	8324	18121	4209
15:06:04	15273	8324	18129	4209
15:06:09	15268	8324	18103	4209
15:06:15	15289	8324	18110	4209
15:06:20	15283	8324	18092	4209
15:06:25	15281	8324	18107	4209
15:06:31	15326	8324	18116	4209
15:06:36	15283	8324	18111	4209
15:06:42	15308	8324	18114	4209
15:06:47	15278	8323	18110	4209
15:06:52	15323	8323	18126	4209
15:06:58	15292	8323	18099	4209
15:07:03	15308	8323	18117	4209
15:07:09	15275	8323	18125	4209
15:07:14	15276	8323	18123	4209
15:07:19	15272	8323	18111	4209
15:07:25	15290	8322	18110	4209
15:07:30	15221	8322	18096	4209
15:07:36	15268	8322	18093	4208
15:07:41	15253	8322	18110	4208
15:07:46	15275	8322	18114	4208
15:07:52	15265	8322	18115	4208
15:07:57	15293	8322	18102	4208
15:08:03	15280	8322	18116	4208
15:08:08	15274	8322	18127	4208
15:08:13	15266	8322	18103	4208
15:08:19	15278	8322	18102	4208
15:08:24	15250	8322	18095	4208
15:08:30	15274	8322	18106	4208
15:08:35	15280	8321	18097	4208
15:08:40	15281	8321	18107	4208
15:08:46	15265	8320	18110	4207
15:08:51	15264	8320	18113	4207
15:08:57	15307	8320	18107	4207
15:09:02	15273	8320	18111	4207
15:09:07	15279	8320	18113	4207
15:09:13	15256	8320	18120	4207
15:09:18	15298	8320	18124	4207
15:09:24	15275	8320	18103	4207
15:09:29	15284	8320	18108	4207
15:09:34	15280	8320	18080	4207
15:09:40	15262	8319	18086	4207
15:09:45	15252	8319	18115	4207
15:09:51	15330	8319	18116	4207
15:09:56	15296	8319	18113	4207
15:10:01	15312	8319	18120	4207
15:10:07	15300	8319	18126	4207
15:10:12	15305	8318	18080	4207
15:10:18	15278	8318	18102	4207
15:10:23	15296	8318	18123	4207
15:10:28	15306	8318	18116	4207
15:10:34	15312	8318	18118	4207
15:10:39	15269	8318	18115	4207
15:10:45	15271	8318	18115	4207
15:10:50	15294	8318	18100	4207
15:10:55	15299	8318	18101	4207
15:11:01	15312	8318	18106	4207
15:11:06	15319	8318	18123	4207
15:11:12	15305	8317	18124	4207
15:11:17	15286	8317	18102	4207
15:11:22	15304	8317	18108	4207
15:11:28	15323	8317	18113	4206
15:11:33	15297	8317	18116	4206
15:11:39	15289	8317	18125	4206
15:11:44	15329	8317	18127	4206
15:11:49	15300	8317	18096	4206
15:11:55	15300	8317	18104	4206
15:12:00	15312	8317	18104	4206
15:12:06	15309	8317	18109	4206
15:12:11	15271	8316	18114	4206
15:12:16	15298	8316	18095	4206
15:12:22	15286	8316	18088	4205
15:12:27	15301	8316	18094	4205
15:12:33	15251	8316	18085	4205
15:12:38	15277	8316	18090	4205
15:12:43	15277	8315	18092	4205
15:12:49	15285	8315	18087	4205
15:12:54	15274	8315	18077	4205
15:13:00	15297	8315	18081	4205
15:13:05	15277	8315	18083	4205
15:13:10	15295	8315	18098	4205
15:13:16	15279	8315	18087	4205
15:13:21	15273	8315	18112	4205
15:13:27	15270	8315	18105	4205
15:13:32	15272	8314	18112	4205
15:13:37	15292	8314	18114	4205
15:13:43	15289	8314	18096	4205
15:13:48	15297	8314	18097	4205
15:13:54	15302	8314	18103	4205
15:13:59	15323	8314	18104	4205
15:14:04	15299	8314	18096	4205
15:14:10	15305	8314	18102	4205
15:14:15	15260	8314	18042	4205
15:14:21	15274	8314	18060	4205
15:14:26	15273	8313	18100	4205
15:14:32	15290	8313	18101	4205
15:14:37	15284	8313	18102	4205
15:14:42	15293	8313	18112	4205
15:14:48	15246	8312	18093	4205
15:14:53	15268	8312	18096	4205
15:14:59	15260	8312	18093	4205
15:15:04	15273	8312	18100	4205
15:15:09	15263	8312	18105	4205
15:15:15	15281	8312	18107	4205
15:15:20	15291	8312	18089	4204
15:15:26	15291	8312	18091	4204
15:15:31	15274	8312	18089	4204
15:15:36	15288	8312	18100	4204
15:15:42	15283	8312	18099	4204
15:15:47	15299	8312	18097	4204
15:15:53	15296	8312	18096	4204
15:15:58	15284	8312	18109	4204
15:16:03	15301	8312	18109	4204
15:16:09	15261	8312	18095	4204
15:16:14	15287	8312	18101	4204
15:16:20	15286	8312	18065	4204
15:16:25	15291	8312	18071	4204
15:16:30	15263	8311	18092	4204
15:16:36	15277	8311	18102	4204
15:16:41	15287	8311	18106	4204
15:16:47	15283	8311	18096	4204
15:16:52	15267	8311	18087	4204
15:16:57	15278	8311	18094	4204
15:17:03	15268	8311	18100	4204
15:17:08	15310	8311	18103	4204
15:17:14	15261	8311	18076	4204
15:17:19	15281	8311	18067	4204
15:17:24	15272	8311	18082	4204
15:17:30	15290	8311	18083	4204
15:17:35	15283	8311	18093	4204
15:17:41	15295	8311	18100	4204
15:17:46	15284	8311	18087	4204
15:17:51	15300	8311	18096	4203
15:17:57	15261	8311	18089	4203
15:18:02	15271	8311	18107	4203
15:18:08	15287	8311	18104	4203
15:18:13	15270	8311	18090	4203
15:18:18	15296	8311	18092	4203
15:18:24	15286	8311	18114	4203
15:18:29	15301	8310	18110	4203
15:18:35	15279	8310	18101	4203
15:18:40	15277	8310	18111	4203
15:18:45	15277	8310	18086	4203
15:18:51	15310	8310	18087	4203
15:18:56	15301	8310	18082	4203
15:19:02	15292	8310	18092	4202
15:19:07	15260	8310	18096	4202
15:19:12	15280	8310	18095	4202
15:19:18	15258	8310	18084	4202
15:19:23	15272	8310	18051	4202
15:19:29	15265	8310	18073	4202
15:19:34	15273	8310	18091	4202
15:19:39	15275	8310	18086	4202
15:19:45	15279	8310	18103	4202
15:19:50	15259	8310	18082	4202
15:19:56	15282	8310	18095	4202
15:20:01	15272	8310	18095	4202
15:20:06	15231	8310	18108	4202
15:20:12	15205	8310	18100	4202
15:20:17	15251	8309	18113	4202
15:20:23	15209	8309	18072	4202
15:20:28	15237	8309	18092	4202
15:20:33	15235	8309	18088	4202
15:20:39	15184	8309	18081	4202
15:20:44	15196	8309	18087	4202
15:20:50	15201	8309	18098	4202
15:20:55	15198	8309	18099	4202
15:21:00	15237	8309	18086	4202
15:21:06	15215	8309	18098	4202
15:21:11	15191	8306	18070	4202
15:21:16	15213	8306	18089	4202
15:21:22	15252	8306	18079	4202
15:21:27	15238	8306	18097	4202
15:21:33	15271	8304	18080	4201
15:21:38	15279	8304	18102	4201
15:21:44	15265	8304	18078	4201
15:21:49	15273	8304	18085	4201
15:21:54	15258	8304	18068	4201
15:22:00	15273	8304	18078	4201
15:22:05	15269	8304	18071	4201
15:22:11	15283	8304	18082	4201
15:22:16	15274	8304	18083	4201
15:22:21	15288	8304	18081	4201
15:22:27	15284	8304	18059	4201
15:22:32	15272	8304	18077	4201
15:22:38	15271	8304	18081	4201
15:22:43	15276	8304	18069	4201
15:22:48	15288	8303	18070	4201
15:22:54	15292	8303	18064	4201
15:22:59	15304	8303	18080	4201
15:23:05	15274	8303	18089	4201
15:23:10	15282	8303	18097	4201
15:23:15	15290	8303	18077	4201
15:23:21	15299	8303	18088	4201
15:23:26	15281	8301	18100	4201
15:23:32	15273	8298	18099	4201
15:23:37	15248	8298	18084	4201
15:23:42	15273	8298	18084	4201
15:23:48	15259	8298	18069	4201
15:23:53	15269	8297	18075	4201
15:23:59	15267	8297	18076	4200
15:24:04	15276	8297	18077	4200
15:24:09	15265	8297	18055	4200
15:24:15	15279	8297	18066	4200
15:24:20	15264	8297	18048	4200
15:24:26	15267	8297	18034	4200
15:24:31	15249	8297	18047	4200
15:24:36	15243	8297	18054	4200
15:24:42	15248	8297	18045	4199
15:24:47	15289	8296	18060	4199
15:24:53	15282	8296	18067	4199
15:24:58	15278	8296	18060	4199
15:25:03	15288	8296	18058	4199
15:25:09	15295	8296	18062	4199
15:25:14	15284	8296	18059	4199
15:25:20	15264	8296	18059	4199
15:25:25	15265	8296	18060	4199
15:25:30	15268	8296	18036	4199
15:25:36	15273	8295	18043	4199
15:25:41	15274	8295	18063	4199
15:25:47	15285	8295	18076	4199
15:25:52	15265	8293	18066	4199
15:25:57	15269	8292	18076	4199
15:26:03	15250	8292	18060	4199
15:26:08	15275	8292	18055	4199
15:26:14	15271	8292	18064	4199
15:26:19	15304	8292	18073	4199
15:26:24	15286	8292	18034	4199
15:26:30	15268	8292	18035	4199
15:26:35	15258	8292	18052	4199
15:26:41	15268	8292	18068	4199
15:26:46	15253	8291	18056	4199
15:26:51	15278	8283	18066	4199
15:26:57	15265	8274	18048	4199
15:27:02	15251	8274	18058	4199
15:27:08	15235	8274	18049	4199
15:27:13	15258	8274	18058	4199
15:27:18	15243	8274	18082	4199
15:27:24	15255	8274	18077	4199
15:27:29	15240	8274	18019	4198
15:27:35	15249	8274	18037	4198
15:27:40	15258	8274	18058	4198
15:27:45	15225	8274	18050	4198
15:27:51	15257	8274	18052	4198
15:27:56	15251	8274	18047	4198
15:28:02	15263	8274	18048	4198
15:28:07	15226	8274	18065	4198
15:28:12	15235	8274	18056	4198
15:28:18	15243	8274	18044	4198
15:28:23	15264	8274	18053	4198
15:28:29	15239	8274	18043	4197
15:28:34	15248	8274	18050	4197
15:28:40	15206	8274	18074	4197
15:28:45	15240	8274	18077	4197
15:28:50	15227	8274	18060	4197
15:28:56	15224	8274	18058	4197
15:29:01	15229	8274	18062	4197
15:29:07	15252	8274	18070	4197
15:29:12	15246	8273	18053	4197
15:29:17	15242	8273	18059	4197
15:29:23	15229	8273	18054	4197
15:29:28	15256	8273	18061	4197
15:29:34	15229	8267	18038	4197
15:29:39	15243	8267	18055	4197
15:29:44	15211	8259	18041	4197
15:29:50	15235	8259	18053	4197
15:29:55	15234	8259	18051	4197
15:30:01	15216	8259	18045	4197
15:30:06	15256	8259	18063	4197
15:30:11	15241	8259	18063	4197
15:30:17	15231	8258	18062	4197
15:30:22	15222	8258	18058	4197
15:30:28	15230	8258	18063	4197
15:30:33	15225	8258	18044	4197
15:30:38	15220	8258	18047	4197
15:30:44	15204	8258	18064	4197
15:30:49	15225	8257	18065	4197
15:30:55	15246	8256	18051	4197
15:31:00	15226	8256	18048	4197
15:31:05	15215	8256	18033	4197
15:31:11	15247	8256	18050	4197
15:31:16	15231	8256	18051	4197
15:31:22	15217	8256	18060	4197
15:31:27	15192	8256	18050	4197
15:31:32	15243	8256	18032	4197
15:31:38	15212	8256	18031	4197
15:31:43	15226	8255	18048	4196
15:31:49	15209	8255	18048	4196
15:31:54	15197	8255	18056	4196
15:31:59	15221	8254	18061	4196
15:32:05	15226	8254	18062	4196
15:32:10	15228	8254	18056	4196
15:32:16	15218	8254	18060	4196
15:32:21	15227	8253	18064	4196
15:32:26	15222	8253	18065	4196
15:32:32	15222	8253	18062	4196
15:32:37	15208	8253	18040	4196
15:32:43	15217	8253	18054	4196
15:32:48	15214	8253	18045	4196
15:32:53	15249	8253	18054	4196
15:32:59	15224	8253	18060	4196
15:33:04	15233	8253	18056	4196
15:33:10	15187	8253	18057	4196
15:33:15	15221	8253	18058	4196
15:33:20	15231	8253	18059	4196
15:33:26	15228	8253	18067	4196
15:33:31	15208	8253	18052	4196
15:33:37	15214	8252	18029	4196
15:33:42	15212	8252	18052	4196
15:33:47	15201	8252	18060	4196
15:33:53	15219	8244	18040	4196
15:33:58	15244	8244	18043	4196
15:34:04	15238	8244	18049	4196
15:34:09	15276	8244	18060	4196
15:34:14	15243	8244	18064	4195
15:34:20	15236	8244	18063	4195
15:34:25	15246	8244	18063	4195
15:34:30	15203	8243	18074	4195
15:34:36	15169	8243	18039	4195
15:34:41	15177	8243	18053	4195
15:34:47	15163	8243	18047	4195
15:34:52	15205	8243	18060	4195
15:34:57	15232	8243	18065	4195
15:35:03	15227	8243	18074	4195
15:35:08	15266	8243	18071	4194
15:35:14	15217	8243	18045	4194
15:35:19	15228	8243	18051	4194
15:35:24	15201	8243	18035	4194
15:35:30	15242	8243	18051	4194
15:35:35	15208	8243	18041	4194
15:35:41	15219	8243	18058	4194
15:35:46	15203	8243	18049	4194
15:35:51	15255	8243	18051	4194
15:35:57	15254	8243	18053	4194
15:36:02	15244	8243	18053	4194
15:36:08	15249	8243	18042	4194
15:36:13	15252	8243	18053	4194
15:36:18	15229	8243	18039	4194
15:36:24	15226	8243	18041	4194
15:36:29	15236	8243	18052	4194
15:36:34	15231	8243	18056	4194
15:36:40	15195	8243	18023	4194
15:36:45	15248	8243	18039	4194
15:36:51	15219	8243	18048	4194
15:36:56	15192	8243	18056	4194
15:37:01	15215	8243	18048	4194
15:37:07	15235	8243	18058	4194
15:37:12	15227	8243	18046	4194
15:37:18	15230	8243	18058	4194
15:37:23	15261	8243	18071	4194
15:37:28	15242	8243	18056	4194
15:37:34	15245	8243	18049	4194
15:37:39	15233	8243	18041	4194
15:37:44	15231	8243	18068	4194
15:37:50	15242	8243	18044	4194
15:37:55	15258	8243	18046	4193
15:38:01	15241	8243	18033	4193
15:38:06	15257	8243	18038	4193
15:38:11	15215	8243	18038	4193
15:38:17	15246	8243	18031	4193
15:38:22	15228	8243	18027	4193
15:38:28	15229	8243	18039	4193
15:38:33	15136	8243	18041	4193
15:38:38	15241	8243	18051	4193
15:38:44	15211	8243	18034	4193
15:38:49	15246	8243	18047	4193
15:38:54	15214	8242	18044	4193
15:39:00	15235	8242	18048	4193
15:39:05	15223	8242	18041	4193
15:39:11	15232	8242	18051	4193
15:39:16	15233	8242	18046	4193
15:39:21	15252	8242	18059	4193
